Subject,Methods,Condition1,Task,Condition2,Label,Mental,Physical,Temporal,Task Complexity,Stress,Distractions,Performance,Effort,Frustration,Component1,Component2,Component3,Component4,Component5,Component6,Component7,Component8,Component9,mds1,mds2
1,1,CL,1,Clock,1,10,10,20,30,35,5,20,35,10,-1.828012011,0.287171018,0.07001319,0.32991045,-0.276800738,-0.014722018,-0.086965876,0.809536242,-0.246509362,0.053977,-0.37841
1,1,CL,2,Peg,2,10,10,30,40,45,0,20,5,15,-1.789824831,0.644639915,0.635940357,0.317096432,-1.050022467,0.341000106,-0.860502512,0.850176952,-0.214340186,0.163543,0.163622
1,2,PL,1,Clock,3,80,80,30,70,35,80,60,75,70,3.320866173,2.506150094,-3.069648269,-1.884695275,1.198292205,-0.022641842,0.33462986,-0.758670365,-0.565799037,0.161831,-0.439561
1,2,PL,2,Peg,4,75,65,15,35,65,95,70,80,70,3.141431218,3.397306686,-4.484338955,-0.856566279,0.925090439,-0.386518702,0.90166654,-0.196277834,-0.005070801,-0.439425,0.119645
1,3,UL,1,Clock,5,30,35,20,30,20,35,25,40,25,-0.749028586,1.383225055,-1.174007261,-0.539028117,0.513453199,0.082608648,0.145125229,-0.219366597,-0.295529809,0.052721,-0.393311
1,3,UL,2,Peg,6,50,25,20,30,25,30,25,40,25,-0.600019712,1.182628419,-0.932603398,-0.620793485,0.147499599,-0.453223783,0.124062709,-0.207486691,0.218816891,-0.346828,-0.257818
1,4,VL,1,Clock,7,60,25,30,40,25,45,35,5,45,-0.085761401,2.211459208,-1.435918599,-1.047853986,-0.447626131,-0.312199184,-0.961114847,-0.84171911,0.129546918,-0.342048,0.239428
1,4,VL,2,Peg,8,80,40,25,50,30,65,45,60,40,1.471034579,2.186641874,-2.453377828,-1.555781645,0.899277303,-0.902490554,0.053830622,-0.401186096,0.17162108,-0.442114,-0.060047
2,1,CL,1,Clock,9,35,10,0,55,10,0,20,20,10,-1.960696537,-0.400946459,0.202508078,-1.267582762,-0.702191698,-0.029830785,-0.418044183,0.328109753,0.00201905,-0.110077,-0.39747
2,1,CL,2,Peg,10,55,0,0,55,10,0,40,60,10,-1.144881027,-1.320782611,-0.263252413,-1.093443322,-0.143572914,-0.941464061,-0.056075962,0.498715602,0.384359421,-0.368309,0.295466
2,2,PL,1,Clock,11,60,60,10,60,10,0,85,85,10,0.677271377,-2.016307239,-0.469291404,-0.914153011,0.984440156,0.723109082,0.207714727,0.267873832,0.890752132,-0.144414,0.300496
2,2,PL,2,Peg,12,60,60,0,60,10,0,75,85,10,0.460487318,-1.964398059,-0.484923687,-1.150130544,0.826026353,0.702392451,0.54362049,0.323702132,0.821797674,-0.237498,-0.273039
2,3,UL,1,Clock,13,10,10,10,10,10,0,35,85,10,-1.87275593,-1.168074057,-0.524814747,0.787984008,0.837613126,-0.42942374,0.916865626,0.329597936,-0.173130824,0.22662,-0.298338
2,3,UL,2,Peg,14,60,10,0,60,10,0,25,85,10,-0.718888785,-1.462549412,0.024036323,-1.298416943,0.305027586,-1.165815396,0.739340291,0.592937767,0.13409366,-0.047112,0.006832
2,4,VL,1,Clock,15,85,10,10,85,10,0,75,85,25,0.775302414,-2.29956621,-0.446080231,-1.569858791,0.073431977,-1.190702203,-0.452815542,0.428280481,0.569082888,0.23916,0.106087
2,4,VL,2,Peg,16,70,10,10,70,25,0,90,85,25,0.717321957,-2.218088413,-0.841298493,-0.690150498,-0.023453094,-0.836152992,-0.454091006,0.770441895,0.707122415,0.215789,0.120642
3,1,CL,1,Clock,17,10,0,0,10,5,5,5,5,5,-3.456774138,0.481030537,-0.170281056,-0.208160745,-0.55755343,0.051473093,-0.133828722,-0.148559042,0.041768877,0.135223,-0.433846
3,1,CL,2,Peg,18,5,5,5,5,10,5,5,5,5,-3.397520137,0.649329231,-0.090885785,0.098788107,-0.490594906,0.238233163,-0.075517193,-0.111984851,0.034152987,0.415444,0.136883
3,2,PL,1,Clock,19,5,5,5,15,20,5,30,30,20,-2.38143645,-0.055868035,-0.607214512,0.449636352,-0.477123332,0.122065065,-0.022670883,0.210167008,-0.205062774,-0.177766,0.411636
3,2,PL,2,Peg,20,10,5,5,20,15,5,45,40,15,-2.111419456,-0.509453517,-0.820822885,0.341380829,-0.131861737,0.060750989,-0.1794618,0.283311975,-0.027361488,-0.419249,-0.282829
3,3,UL,1,Clock,21,5,5,5,10,5,5,30,20,15,-2.840387558,-0.056535859,-0.60390983,0.268070269,-0.300897352,0.243494796,-0.25787593,-0.215544382,-0.073863746,-0.123778,0.211064
3,3,UL,2,Peg,22,5,5,5,5,5,5,5,5,5,-3.466008832,0.584382125,-0.100332883,0.030295902,-0.410198298,0.234484962,-0.10583611,-0.239242509,0.002814149,0.06869,-0.35318
3,4,VL,1,Clock,23,5,5,5,5,5,5,45,20,5,-2.892432015,-0.216362285,-0.832873463,0.437259825,-0.063579033,0.390170757,-0.477253116,-0.079831327,0.322774026,-0.113248,0.171495
3,4,VL,2,Peg,24,35,30,5,15,15,5,90,40,30,-0.847743629,-1.041085513,-1.430933651,0.450527548,-0.226114182,0.763405724,-0.415265155,-0.403749697,0.950352582,0.36093,0.157241
4,1,CL,1,Clock,25,15,10,10,40,10,0,0,25,15,-2.394045564,-0.000139536,0.487341849,-0.583339538,-0.480299813,-0.050304966,-0.006899604,0.154920531,-0.585674343,-0.129912,0.33464
4,1,CL,2,Peg,26,20,10,10,10,20,0,0,25,0,-2.792245496,0.378098446,0.409128987,0.086523231,-0.299116948,-0.100443536,0.400183059,0.220820205,0.311509378,-0.327836,0.311964
4,2,PL,1,Clock,27,20,35,20,60,15,0,55,55,35,-0.35853791,-1.155725049,-0.149529454,-0.269301029,-0.03770418,0.5999078,-0.33823899,0.183499956,-0.650519698,-0.062874,0.473926
4,2,PL,2,Peg,28,25,35,25,70,35,0,10,75,30,-0.090473507,-0.552326258,0.791892565,-0.49053076,0.006980729,-0.112022106,0.680939145,0.9018303,-1.106530698,-0.19797,0.319673
4,3,UL,1,Clock,29,10,10,5,5,5,0,15,5,5,-3.288910321,0.237278059,-0.001253613,0.08933517,-0.476886161,0.434389966,-0.174795922,-0.298478876,0.288489189,-0.309419,0.19671
4,3,UL,2,Peg,30,10,5,0,0,0,0,0,10,0,-3.706883325,0.293736143,0.094128199,-0.038413943,-0.342300602,0.136016491,0.205529358,-0.323351754,0.228448052,-0.051321,0.465094
4,4,VL,1,Clock,31,35,20,10,30,10,0,65,45,10,-1.3011734,-1.105334626,-0.572429959,-0.070163413,0.114079902,0.254795446,-0.403097493,0.076704074,0.703509025,0.179228,0.211511
4,4,VL,2,Peg,32,75,75,20,75,60,0,75,75,65,2.605793851,-1.137860191,-0.043252264,-0.474046689,-0.92341323,0.839246939,0.556273594,0.346387039,0.410360172,-0.152918,-0.042148
5,1,CL,1,Clock,33,0,0,0,5,0,0,10,5,0,-3.807851874,0.162349666,-0.099457989,0.055548362,-0.413558507,0.290538667,-0.208546415,-0.141586691,0.035613106,-0.380371,-0.140358
5,1,CL,2,Peg,34,0,0,0,0,0,0,15,15,0,-3.706619116,-0.021850203,-0.255425355,0.271689108,-0.215778904,0.20617456,-0.03545365,-0.136921814,0.10181939,0.485992,-0.123822
5,2,PL,1,Clock,35,45,70,70,70,5,0,70,95,5,1.28929944,-1.473550134,0.952101136,-0.215105292,2.255368796,0.600639266,-0.481503562,0.062772657,0.025907902,-0.226242,0.254537
5,2,PL,2,Peg,36,45,80,75,90,10,0,95,95,30,2.401643026,-1.877084771,0.687177375,-0.220083473,1.847086139,1.032531506,-0.987156221,-0.055957836,-0.38480251,0.010212,-0.432148
5,3,UL,1,Clock,37,0,10,0,15,0,0,15,15,0,-3.366032641,-0.084714727,-0.08332366,-0.128671266,-0.171945583,0.501269537,-0.105402191,0.000849294,-0.103722383,-0.479821,-0.201712
5,3,UL,2,Peg,38,0,15,0,25,0,0,20,20,0,-3.052761398,-0.280242532,-0.082819811,-0.317801822,-0.05879612,0.630464702,-0.159866651,0.144745214,-0.226743382,-0.313971,-0.353564
5,4,VL,1,Clock,39,50,90,55,85,5,0,95,95,25,2.169523896,-2.035674368,0.392062471,-0.636162977,1.820937889,1.380601704,-0.489393394,-0.136381108,-0.03517751,-0.1147,-0.272995
5,4,VL,2,Peg,40,45,70,45,85,5,0,95,95,20,1.641130512,-2.207892506,0.079970878,-0.658468248,1.638781952,0.954004639,-0.600426984,0.211566087,-0.102446594,-0.253459,-0.373492
6,1,CL,1,Clock,41,10,10,65,25,10,0,15,70,5,-1.461585429,-0.242358462,1.021316353,1.016977802,1.344614239,-0.75381654,-0.198622049,0.10800056,-0.638254062,0.415104,-0.288677
6,1,CL,2,Peg,42,20,0,75,5,25,0,15,70,15,-1.275444748,0.12469127,1.011087248,1.826705706,0.96853346,-1.273478071,-0.079046808,-0.066106435,-0.220853587,-0.318401,0.175096
6,2,PL,1,Clock,43,70,55,55,70,65,0,50,70,65,2.370354348,-0.366028929,0.864160666,0.19869842,-0.792867134,-0.040733511,0.102157342,0.271799424,-0.015205081,-0.379976,-0.012161
6,2,PL,2,Peg,44,75,30,75,60,55,0,75,75,80,2.564553989,-0.816949029,0.466316197,0.993271152,-0.711409626,-0.855574592,-0.729062957,-0.34038478,0.032858332,-0.020781,0.43737
6,3,UL,1,Clock,45,15,5,45,45,15,0,15,65,10,-1.3519106,-0.46458242,0.775752988,0.265146629,0.689116477,-0.776182152,-0.20971676,0.515040222,-0.800351792,-0.055765,-0.162606
6,3,UL,2,Peg,46,50,5,60,50,15,0,10,70,10,-0.610838045,-0.354293438,1.306246131,-0.103976723,0.787122544,-1.494343187,-0.259577074,0.165951905,-0.19856021,0.373135,-0.345176
6,4,VL,1,Clock,47,70,70,65,70,70,0,35,75,35,2.2791337,0.067096729,1.576415896,0.059465667,0.019820055,0.200246746,0.375319628,0.781016924,0.321054021,-0.446844,-0.209803
6,4,VL,2,Peg,48,90,15,90,85,85,5,80,90,85,3.847793221,-0.609014281,0.555619237,1.014601175,-0.969968495,-1.771184338,-1.07310935,0.627550771,-0.101844955,-0.342968,0.15885
7,1,CL,1,Clock,49,65,20,60,5,0,0,5,25,5,-1.665904349,0.59032716,1.409778931,0.122109704,0.498314277,-0.788055601,-0.329910247,-1.297489469,1.146676467,0.387784,0.340561
7,1,CL,2,Peg,50,70,0,70,45,0,0,15,65,0,-0.699797753,-0.415052567,1.474465976,-0.340686678,1.155171509,-1.88705457,-0.680477245,-0.357278077,0.448630127,0.205436,-0.363281
7,2,PL,1,Clock,51,45,65,0,40,0,0,5,50,25,-0.997163977,-0.434443766,0.549604969,-1.304117985,0.10616923,0.857231925,1.305249264,-0.706143628,-0.000691336,0.004417,0.169297
7,2,PL,2,Peg,52,80,75,10,55,0,0,60,80,55,1.244080391,-1.700724165,-0.1632471,-1.209319762,0.179140573,0.605188985,0.94104619,-1.241207733,0.475631216,0.382351,-0.420442
7,3,UL,1,Clock,53,60,65,80,60,0,0,15,70,5,0.501873223,-0.227218987,2.112415165,-0.658555846,1.831370935,0.001784332,-0.147641917,-0.631279905,0.04156017,-0.220759,0.409689
7,3,UL,2,Peg,54,65,45,55,60,0,0,20,45,5,-0.249312935,-0.250935424,1.542237698,-1.12788875,0.874123081,-0.130491696,-0.51227895,-0.521749667,0.398095301,-0.414423,-0.160875
7,4,VL,1,Clock,55,70,65,90,70,75,0,35,30,45,2.167963074,0.984493095,2.118641072,0.342998925,-0.735077393,0.438785786,-0.90393788,0.286364413,0.381711906,-0.415606,-0.283538
7,4,VL,2,Peg,56,85,75,60,45,70,0,25,80,75,2.647566652,0.209605368,1.319640431,0.553677849,-0.71892922,-0.087193744,1.301317386,-0.416958664,0.325771892,-0.412723,-0.268
8,1,CL,1,Clock,57,5,0,10,45,10,5,20,20,5,-2.537842354,-0.051313121,-0.06257709,-0.524567737,-0.274284299,0.02228803,-0.704823043,0.559933471,-0.57763643,0.154434,0.31198
8,1,CL,2,Peg,58,0,5,25,5,40,10,10,20,15,-2.399043551,1.133961249,-0.098129336,1.014220804,-0.489849927,-0.004386371,-0.02846395,0.474180052,-0.220033854,-0.303382,-0.424729
8,2,PL,1,Clock,59,30,30,10,85,30,5,80,85,15,0.538008087,-1.788515532,-0.748743635,-0.745267512,0.494109553,0.232860189,-0.370872938,1.510341747,-0.362880197,0.386601,0.331804
8,2,PL,2,Peg,60,55,75,10,75,55,10,50,85,15,1.473730794,-0.526127491,-0.062969052,-1.044662979,0.40972199,0.871187508,1.015067397,1.404241266,0.325454047,-0.430423,0.230536
8,3,UL,1,Clock,61,5,5,5,30,10,0,10,40,0,-2.716011738,-0.333257412,0.114022236,-0.198094462,0.055508206,-0.089427874,0.183080266,0.570441072,-0.412974255,0.107606,0.435689
8,3,UL,2,Peg,62,25,10,15,25,15,5,5,55,0,-2.061226468,-0.036037821,0.211216803,-0.176742451,0.424413126,-0.579295514,0.572093606,0.413980652,-0.050984176,0.187035,-0.064146
8,4,VL,1,Clock,63,65,20,20,80,65,10,80,25,75,1.549334933,-0.26068157,-0.803368155,-0.449192361,-2.265496288,-0.031955519,-1.226379779,0.496911269,0.071672087,-0.361074,-0.154729
8,4,VL,2,Peg,64,70,55,30,80,80,20,80,80,30,2.606270004,-0.078832213,-0.687595771,-0.447699854,-0.071318058,0.165140283,-0.019457586,1.683735793,0.627991183,0.011538,0.122227
9,1,CL,1,Clock,65,45,20,35,25,35,5,40,40,35,-0.508647923,0.097201319,0.024746489,0.510258601,-0.497207989,-0.286606245,-0.196974178,-0.163504445,0.408044195,0.279906,-0.50043
9,1,CL,2,Peg,66,30,10,25,15,45,5,30,45,35,-1.009429152,0.228876734,-0.192426895,0.929050646,-0.712945629,-0.433052468,0.258668847,0.255442644,0.143665361,0.009901,0.406085
9,2,PL,1,Clock,67,50,55,55,60,60,25,70,60,65,2.263442291,0.622048285,-0.669352027,0.372471562,-0.194887685,0.321983274,-0.466558186,0.122047949,-0.318735699,-0.117458,-0.180753
9,2,PL,2,Peg,68,60,60,40,60,60,35,65,60,60,2.296915795,1.041697737,-1.181262963,-0.242059306,-0.112318741,0.294543529,-0.094212228,0.164509561,-0.081729655,0.501549,0.071868
9,3,UL,1,Clock,69,30,25,25,35,25,20,30,30,25,-0.939758033,0.812597545,-0.513986516,-0.261200813,-0.072825173,0.06858101,-0.31557065,-0.023319877,-0.134098706,0.17644,-0.090275
9,3,UL,2,Peg,70,40,15,20,35,25,20,25,35,35,-0.854953032,0.700909277,-0.624470304,-0.369214953,-0.388916837,-0.460498861,-0.112146323,-0.171734757,-0.16035211,0.24705,0.427887
9,4,VL,1,Clock,71,65,25,45,70,55,25,55,60,60,1.794222221,0.490690173,-0.648178745,-0.294111076,-0.535201465,-0.815933032,-0.562066026,0.33423337,-0.297706337,-0.347021,0.341069
9,4,VL,2,Peg,72,75,35,45,70,0,25,55,75,65,1.562487373,-0.409126177,-0.725790801,-1.110867977,0.548167254,-0.914671601,-0.43890921,-1.222803779,-0.553751521,0.503511,0.203406
10,1,CL,1,Clock,73,25,5,0,30,0,0,25,25,15,-2.468564817,-0.533497122,-0.200520536,-0.556116328,-0.467382527,-0.075119042,-0.211471443,-0.19057933,0.025494246,0.053127,0.320479
10,1,CL,2,Peg,74,0,10,0,5,0,0,20,20,15,-3.19431201,-0.191859112,-0.345970143,0.27473708,-0.336613596,0.446222236,0.094753006,-0.369364186,-0.165616628,-0.348797,-0.307859
10,2,PL,1,Clock,75,25,5,0,35,0,0,95,75,80,-0.25436667,-2.461882863,-1.924534881,0.614785248,-0.710048289,-0.229811389,-0.227044098,-0.868743899,-0.691541559,-0.422708,0.091304
10,2,PL,2,Peg,76,80,10,0,80,0,0,95,85,80,1.306283988,-2.896655536,-1.37579597,-1.152242709,-0.880127337,-1.00272802,-0.409130174,-0.746738779,-0.167853131,-0.173578,0.252908
10,3,UL,1,Clock,77,40,10,0,50,0,0,95,60,45,-0.416260858,-2.246377752,-1.456514151,-0.288319355,-0.369097733,-0.041662663,-0.737218851,-0.303080066,0.097084242,-0.115001,-0.322111
10,3,UL,2,Peg,78,30,10,0,45,0,0,40,50,20,-1.614261064,-1.21446304,-0.415919879,-0.698357461,-0.118222382,-0.191662453,-0.082025134,0.030218337,-0.166625885,0.284935,0.431551
10,4,VL,1,Clock,79,60,5,0,50,0,0,95,75,75,0.368113655,-2.550387195,-1.638591294,-0.246418382,-0.823838747,-0.730133142,-0.345528251,-0.908115222,-0.030087965,-0.096173,-0.361294
10,4,VL,2,Peg,80,10,10,0,80,0,0,95,80,85,0.34185606,-2.849728622,-1.690608435,-0.194241701,-0.721456698,0.084944435,-0.676267552,-0.196593675,-1.854833029,-0.407147,-0.079141
11,1,CL,1,Clock,81,60,0,30,50,15,0,15,65,20,-0.774277915,-0.673395352,0.633779939,-0.60846443,0.017106721,-1.506354221,0.081329624,0.109446153,0.050909352,-0.456746,-0.196715
11,1,CL,2,Peg,82,55,0,20,30,10,0,10,70,0,-1.554829572,-0.647311761,0.464998395,-0.441365112,0.497768483,-1.445050224,0.570027581,0.215061904,0.491519256,0.054673,0.147027
11,2,PL,1,Clock,83,30,60,20,50,10,0,10,60,20,-0.661874795,-0.425048443,0.818424919,-0.792466441,0.506219356,0.745688339,0.878018993,-0.112178444,-0.469264609,-0.248984,-0.39588
11,2,PL,2,Peg,84,20,65,10,25,15,0,10,0,0,-2.102756408,0.674497185,0.797945377,-0.67570164,-0.216018973,1.884307302,0.222910636,-0.228864155,0.491480053,-0.155711,0.131133
11,3,UL,1,Clock,85,15,15,15,25,10,0,20,25,15,-2.272427179,-0.113784196,0.170368292,-0.020504477,-0.288626602,0.225420726,-0.163619885,-0.091535417,-0.139344138,-0.133645,0.500911
11,3,UL,2,Peg,86,10,10,10,30,15,0,5,50,15,-2.18180927,-0.3060879,0.229738136,-0.024312727,-0.064355661,-0.246606511,0.533135638,0.365124696,-0.624125095,-0.181331,-0.479343
11,4,VL,1,Clock,87,75,40,25,85,15,0,10,80,70,1.188838969,-1.046238565,0.850350788,-1.52476499,-0.595210224,-0.859806189,0.811226421,-0.61138042,-0.956572828,-0.308328,-0.011905
11,4,VL,2,Peg,88,85,40,25,90,45,0,40,85,95,2.49166332,-1.252561147,0.308341728,-0.932065247,-1.468935267,-0.839236315,0.653288634,-0.251880303,-0.733498172,0.512874,-0.089721
12,1,CL,1,Clock,89,5,15,5,5,5,0,5,95,0,-2.376598286,-0.913941258,-0.117359932,0.555945777,1.230575293,-0.546711691,1.730872154,0.385293202,-0.42687139,-0.284762,-0.463779
12,1,CL,2,Peg,90,0,15,10,0,25,0,25,80,10,-2.031091286,-0.663083794,-0.387839869,1.229485455,0.604256302,-0.154407735,1.242104679,0.587292213,-0.209663733,0.099886,-0.006488
12,2,PL,1,Clock,91,5,50,50,5,35,5,35,75,35,-0.374896004,0.060022961,0.150355247,1.777520769,0.802844408,0.581919954,0.819034447,-0.143576892,-0.447313283,-0.195513,-0.337662
12,2,PL,2,Peg,92,15,75,90,10,30,10,95,90,65,1.805749731,-0.48526047,-0.336089737,2.651198637,1.494276572,1.113900516,-0.227816643,-1.118901378,-0.383197592,0.314991,0.382809
12,3,UL,1,Clock,93,15,35,15,35,40,0,30,70,15,-0.814030254,-0.515555512,0.09864947,0.404671727,0.173457979,0.352491009,0.830035446,0.984128583,-0.234946645,0.512854,0.043196
12,3,UL,2,Peg,94,0,15,15,5,30,0,35,65,25,-1.718719412,-0.543470973,-0.455958969,1.349624864,0.051208994,0.061510476,0.729273036,0.391091365,-0.313069384,0.386568,0.198579
12,4,VL,1,Clock,95,50,45,35,25,35,0,45,75,20,0.114888223,-0.572451866,0.306535793,0.538411626,0.488816389,0.040025929,0.674705447,0.13586808,0.718183621,0.267282,0.292825
12,4,VL,2,Peg,96,70,60,70,45,50,0,75,90,60,2.491979179,-0.866709947,0.506786262,1.071817931,0.258048621,-0.042631153,0.091967313,-0.334582226,0.461729791,-0.041108,-0.519286
13,1,CL,1,Clock,97,5,5,10,5,5,5,20,15,20,-2.941312932,0.233513915,-0.388501558,0.387435369,-0.423925413,0.175037723,-0.190613457,-0.459003355,-0.164102036,0.272657,-0.116753
13,1,CL,2,Peg,98,5,15,35,5,15,0,20,10,10,-2.622580869,0.51006061,0.452187924,0.842219485,-0.159111528,0.434963726,-0.548426343,-0.293479486,0.083006473,0.11968,0.040258
13,2,PL,1,Clock,99,60,60,20,10,60,35,90,85,85,2.258666985,0.428438977,-2.564429202,1.127900489,-0.248419353,0.251692764,1.059483447,-0.63483487,0.481367657,-0.021983,0.551879
13,2,PL,2,Peg,100,50,40,20,55,45,10,60,50,55,0.841651761,-0.291868914,-0.576736768,-0.177243001,-0.862963965,0.29615754,-0.085980451,0.148751476,0.005765655,0.423218,0.320599
13,3,UL,1,Clock,101,15,15,30,40,40,10,20,30,40,-0.972022144,0.631286992,0.014635956,0.326086419,-0.78794474,-0.044382367,-0.282016344,0.333825317,-0.771691436,-0.455186,0.011341
13,3,UL,2,Peg,102,10,35,30,5,35,5,70,55,60,-0.312752971,-0.457491117,-0.970208254,1.796561849,-0.373975742,0.704700013,0.128888863,-0.480622827,-0.211808517,0.127954,0.100654
13,4,VL,1,Clock,103,55,25,30,10,40,5,75,65,65,0.545049028,-0.693330592,-0.950046655,1.317053476,-0.681316757,-0.334937536,0.219187337,-0.66631585,0.667706054,0.454323,0.503675
13,4,VL,2,Peg,104,40,30,40,25,40,15,30,50,40,-0.106886101,0.689694364,-0.150327459,0.543661104,-0.135130616,-0.26266263,0.194176254,-0.149143341,-0.007883816,0.297277,-0.23114
14,1,CL,1,Clock,105,60,25,70,60,45,10,30,60,15,0.72940191,0.44631111,1.037603306,-0.01875336,0.51523247,-0.906484282,-0.639600722,0.618787392,0.19462439,-0.446823,-0.131656
14,1,CL,2,Peg,106,45,45,25,65,70,0,45,60,30,0.901067016,-0.298505167,0.4389389,-0.028083588,-0.743990377,0.3911966,0.277903717,1.415973717,0.15818954,0.519649,-0.440379
14,2,PL,1,Clock,107,80,80,80,60,65,0,25,85,85,3.210134264,0.148847104,1.71875919,0.587588322,-0.442824712,-0.078760663,0.91462416,-0.614631532,-0.309018529,0.100991,-0.003278
14,2,PL,2,Peg,108,90,85,95,80,65,0,85,85,95,4.58890516,-0.721123712,1.135857672,0.736954564,-0.360727487,0.323261185,-0.460067479,-0.667583718,0.037496758,0.300909,0.505448
14,3,UL,1,Clock,109,70,70,70,65,60,0,45,75,65,2.628230489,-0.190405896,1.265623796,0.397402935,-0.293293865,0.182170259,0.243960577,-0.108695823,-0.056139941,0.1409,0.569649
14,3,UL,2,Peg,110,75,65,65,55,45,5,45,65,55,2.036429207,0.013611527,0.946326204,0.105050031,-0.037237486,0.081850577,0.072645092,-0.498837608,0.305648266,0.346484,0.065123
14,4,VL,1,Clock,111,75,80,85,85,60,5,85,85,85,4.120556096,-0.693163231,0.72432364,0.484935277,-0.101216559,0.44115387,-0.544270896,-0.302401547,-0.292774844,-0.149396,-0.339629
14,4,VL,2,Peg,112,75,70,80,65,45,35,25,75,85,3.093411058,1.534663784,0.171376785,-0.253662361,0.368632825,-0.489728096,0.266141917,-1.061736035,-0.930827528,0.255958,-0.253059
15,1,CL,1,Clock,113,10,10,5,15,10,0,0,10,5,-3.172836815,0.374161109,0.313807886,-0.165236473,-0.528286414,0.251910447,0.066892061,-0.023043634,-0.028840069,-0.546648,-0.214428
15,1,CL,2,Peg,114,5,10,5,0,25,0,10,10,0,-3.207438511,0.541188213,0.076641273,0.505035313,-0.588558892,0.425900146,0.155949211,0.306251948,0.371272608,-0.139288,-0.162487
15,2,PL,1,Clock,115,25,15,5,25,5,0,0,20,10,-2.643430765,0.104931498,0.406290446,-0.603896112,-0.42776361,0.039946729,0.219293274,-0.216388836,0.002936143,0.463571,0.165661
15,2,PL,2,Peg,116,30,50,30,35,5,0,35,50,5,-1.02422174,-0.516258058,0.524802306,-0.265263686,0.847552515,0.75170418,0.08813141,-0.203452313,0.236747358,-0.394794,0.502901
15,3,UL,1,Clock,117,15,5,0,15,5,0,0,10,0,-3.365855865,0.252479874,0.229635186,-0.388707115,-0.486112792,0.072989284,0.054519202,-0.037534387,0.138406044,-0.184809,-0.567775
15,3,UL,2,Peg,118,10,10,15,0,5,0,0,5,0,-3.452139346,0.59411781,0.433292159,0.210283159,-0.262762263,0.248608669,-0.054327105,-0.369960236,0.25561271,0.470248,-0.562611
15,4,VL,1,Clock,119,25,5,25,30,5,0,0,20,0,-2.608556713,0.232222991,0.803685853,-0.424659559,-0.057237897,-0.355130359,-0.352301531,-0.038413195,-0.020517871,0.351994,-0.28163
15,4,VL,2,Peg,120,40,10,50,35,20,0,45,40,10,-0.948225931,-0.319304895,0.532827248,0.369232161,0.251432877,-0.466306658,-0.972503524,0.074020546,0.451951966,0.224868,0.570358
16,1,CL,1,Clock,121,75,60,40,70,75,10,10,65,65,2.132897935,0.75229781,0.93085201,-0.484978602,-1.104645244,-0.234602113,1.020062363,0.440099732,-0.246022442,0.545317,0.371957
16,1,CL,2,Peg,122,70,50,35,35,55,5,10,60,70,1.065689907,0.488194146,0.668796182,0.175072,-1.107234956,-0.351438319,1.243933296,-0.514410169,0.053016145,0.066326,0.320401
16,2,PL,1,Clock,123,85,80,50,80,75,15,70,70,70,3.576365537,0.136838395,0.086056911,-0.331064644,-0.652590586,0.530633783,0.105757685,0.297093474,0.326584148,0.290767,-0.338362
16,2,PL,2,Peg,124,90,90,65,90,90,45,85,90,90,5.309240541,1.243247308,-1.174600469,-0.306652237,-0.029759857,0.235995629,0.043844408,0.334172421,-0.221557688,-0.268673,0.028007
16,3,UL,1,Clock,125,60,60,30,55,55,10,70,65,65,1.920458234,-0.365634198,-0.478248244,0.116023781,-0.679639351,0.544534097,0.239501242,0.030306138,0.178905311,-0.463883,-0.288416
16,3,UL,2,Peg,126,70,70,40,45,80,25,25,60,50,1.998805389,1.605410945,0.02718154,-0.042602621,-0.464230325,0.208219705,1.031060323,0.439762459,0.38622881,0.306017,-0.179917
16,4,VL,1,Clock,127,70,70,50,70,70,25,55,65,55,2.740182815,0.870377052,-0.189244276,-0.305983736,-0.176366633,0.33223697,0.095350884,0.446152644,0.091254156,-0.277576,-0.095038
16,4,VL,2,Peg,128,80,60,50,70,70,25,80,75,70,3.305516095,0.285989705,-0.763842892,-0.034324209,-0.368914291,-0.044800418,-0.165465786,0.249583324,0.248015629,-0.363267,-0.160688
17,1,CL,1,Clock,129,10,10,10,15,10,10,15,10,10,-2.781083336,0.64379276,-0.304022479,-0.079811102,-0.313735272,0.249407738,-0.284279831,-0.143436943,-0.064899512,0.050073,-0.460736
17,1,CL,2,Peg,130,10,10,10,10,10,10,10,30,10,-2.658629817,0.456889443,-0.326936884,0.116494221,0.036771498,-0.04552653,0.243174264,-0.08784481,-0.168863012,0.176761,0.215588
17,2,PL,1,Clock,131,30,30,15,15,15,10,95,95,20,-0.163717065,-1.585963696,-1.705548679,0.903130068,1.200881182,0.104913193,0.306136604,0.117830447,0.601944852,-0.596141,0.044567
17,2,PL,2,Peg,132,20,20,20,20,20,10,95,95,20,-0.244381728,-1.55709822,-1.679710961,1.119125442,1.142012869,-0.061431347,0.033266694,0.44377891,0.268778449,0.371764,-0.152146
17,3,UL,1,Clock,133,15,20,15,15,20,10,75,75,20,-0.877027648,-0.984114221,-1.416914074,0.947939009,0.719977932,0.120846594,0.118450298,0.296256297,0.170977268,-0.390311,0.216008
17,3,UL,2,Peg,134,20,20,25,20,15,10,25,75,20,-1.182662446,-0.266493428,-0.337422349,0.453963386,0.793158246,-0.448160882,0.68592869,0.043353894,-0.381296001,0.411833,-0.084768
17,4,VL,1,Clock,135,15,15,15,15,15,10,60,95,20,-0.922513217,-1.149135947,-1.278835617,0.904350418,1.07509782,-0.40512798,0.652251656,0.312871313,-0.164887074,-0.212929,0.272822
17,4,VL,2,Peg,136,15,15,15,15,15,10,90,95,25,-0.560987348,-1.594528711,-1.817293067,1.17595303,1.04307134,-0.158158732,0.178782877,0.267167395,0.068735465,0.377212,-0.378654
18,1,CL,1,Clock,137,20,15,55,15,20,10,10,60,35,-1.024988142,0.496932879,0.37746736,1.025647066,0.513884286,-0.757870276,0.221675218,-0.471228394,-0.692717255,-0.376908,-0.228496
18,1,CL,2,Peg,138,25,25,65,10,35,10,15,65,35,-0.453160137,0.719922623,0.542488566,1.456138374,0.578884018,-0.619646885,0.357580128,-0.305819221,-0.3852582,0.3098,-0.100285
18,2,PL,1,Clock,139,55,55,55,60,45,10,70,60,40,1.618912356,-0.194384779,0.113303661,0.149897293,0.187386337,0.420491097,-0.581988184,0.171939498,0.247504741,0.469953,0.46998
18,2,PL,2,Peg,140,45,60,50,60,60,10,65,45,60,1.730550766,0.224358607,0.0589076,0.39307559,-0.688434733,0.859571228,-0.496926298,0.180478357,-0.132857767,-0.078438,0.391823
18,3,UL,1,Clock,141,35,35,35,25,25,10,15,25,25,-1.076685345,0.862515817,0.389405551,0.00767132,-0.180578405,0.234890516,-0.029368792,-0.38821297,0.11024988,0.084138,0.032834
18,3,UL,2,Peg,142,40,30,50,30,25,10,20,45,40,-0.344106722,0.545007685,0.44200464,0.341380364,0.016633991,-0.315665907,-0.045374519,-0.572747443,-0.241326369,0.043888,-0.325162
18,4,VL,1,Clock,143,50,40,55,55,50,10,60,65,45,1.371660921,-0.101283935,0.086012193,0.461824617,-0.010293265,-0.094440854,-0.409549605,0.308787204,-0.0257168,-0.007744,-0.601399
18,4,VL,2,Peg,144,70,70,55,65,55,5,70,70,55,2.496063124,-0.435814659,0.420020305,0.123306481,-0.15477061,0.528993265,-0.091448733,0.048838852,0.372986613,0.172436,-0.272527
19,1,CL,1,Clock,145,50,30,15,30,10,0,5,25,25,-1.529020628,0.120774572,0.652356383,-0.741508536,-0.572624309,-0.007139828,0.338852008,-0.667732937,0.33327345,-0.465705,-0.083706
19,1,CL,2,Peg,146,35,20,0,20,0,0,10,25,20,-2.341038451,-0.18647601,0.09886578,-0.61904502,-0.494159832,0.065184964,0.398675725,-0.641736342,0.231154475,-0.362002,0.514775
19,2,PL,1,Clock,147,95,80,80,95,45,0,80,95,95,4.411844244,-1.323901799,0.960938786,-0.145922242,-0.186128001,0.027363916,-0.295316176,-0.818724873,-0.290150153,-0.612949,0.366682
19,2,PL,2,Peg,148,65,80,80,95,50,0,95,95,95,4.212111973,-1.483097621,0.586315981,0.450699561,-0.087963559,0.603495515,-0.593158035,-0.379906566,-0.804638207,0.634978,-0.084451
19,3,UL,1,Clock,149,45,55,40,50,0,0,15,40,25,-0.547147718,-0.176014466,1.158913798,-0.841982048,0.392792653,0.524614932,0.008945971,-0.834012198,-0.164996654,0.160095,-0.17144
19,3,UL,2,Peg,150,40,55,25,45,40,0,30,50,35,0.085794699,-0.147719189,0.549684621,-0.098404769,-0.404647174,0.706991964,0.542471561,0.176370583,0.032570836,0.553661,-0.224485
19,4,VL,1,Clock,151,65,65,80,80,60,5,55,75,75,3.101682174,-0.169080979,1.057061077,0.369916363,-0.278086873,0.075434853,-0.344030061,-0.065455755,-0.567035875,-0.341593,-0.428494
19,4,VL,2,Peg,152,95,75,65,95,70,10,80,80,80,4.24934181,-0.455709932,0.41524748,-0.348341196,-0.597730777,0.129275854,-0.329182031,0.115762956,0.147291131,0.441186,0.299053
41,1,CL,1,Clock,153,20,10,35,30,30,10,15,20,5,-1.815857634,0.894159301,0.337844929,0.124811967,-0.110313866,-0.153484148,-0.588879206,0.455702599,-0.018337222,-0.632525,0.232024
41,1,CL,2,Peg,154,40,10,60,25,45,20,65,50,5,-0.134613068,0.646060409,-0.50207154,0.996271619,0.745676523,-0.637228466,-1.096068361,0.65560407,0.765748787,-0.461612,-0.450846
41,2,PL,1,Clock,155,80,65,35,60,60,10,45,70,75,2.407495775,0.00350307,0.124393894,-0.253561824,-0.919409025,0.069044057,0.77971418,-0.222777744,0.143361479,0.530503,0.576641
41,2,PL,2,Peg,156,80,85,55,45,75,10,15,85,80,2.871183642,0.782933023,0.977669536,0.400722082,-0.580944825,0.064185688,1.769105735,-0.364685589,-0.021733453,0.002239,0.401629
41,3,UL,1,Clock,157,60,35,30,55,35,10,15,60,25,0.173231957,0.22051747,0.505310953,-0.767227839,-0.000643225,-0.517469491,0.461080593,0.305500334,0.069784043,0.488856,-0.309386
41,3,UL,2,Peg,158,55,45,30,55,60,15,35,60,35,0.972195025,0.502853594,-0.013492074,-0.253428896,-0.339851423,-0.030038942,0.414766127,0.760920766,0.143729388,0.054728,-0.613436
41,4,VL,1,Clock,159,75,65,35,60,70,10,20,80,60,2.150532124,0.379333706,0.598998087,-0.287526587,-0.646711508,-0.157963392,1.370162085,0.381139204,0.00226797,0.025422,0.050118
41,4,VL,2,Peg,160,95,65,90,60,85,10,85,85,90,4.380152289,0.009609969,0.432029017,1.252689946,-0.582678126,-0.366724221,-0.286518387,-0.234576744,0.535009752,-0.013981,-0.044728
42,1,CL,1,Clock,161,25,30,20,25,10,15,0,15,0,-2.205116223,1.148376763,0.233982779,-0.689771151,0.242034087,0.328374441,-0.010789844,-0.174842672,0.080833421,0.050257,-0.288135
42,1,CL,2,Peg,162,15,15,0,10,5,0,0,0,0,-3.415936655,0.48030123,0.298937181,-0.381149097,-0.564378643,0.4833355,0.054355621,-0.241402247,0.316447072,-0.545988,0.348756
42,2,PL,1,Clock,163,15,50,55,60,15,5,0,25,0,-1.111491426,0.775996412,1.61675259,-0.649591571,0.728785925,0.808597759,-0.585434709,0.227545479,-0.70794524,0.193079,0.247944
42,2,PL,2,Peg,164,25,65,45,55,15,0,0,30,0,-0.952349505,0.488432837,1.736509021,-0.797791125,0.662144419,1.136915658,-0.019722018,0.071149209,-0.294444345,0.662349,-0.311502
42,3,UL,1,Clock,165,50,60,80,60,30,40,10,30,10,0.718695545,2.594844961,0.587806751,-0.912406227,1.393643898,0.121043388,-0.867545559,-0.165923448,-0.271162443,0.640362,0.15701
42,3,UL,2,Peg,166,15,25,35,35,40,40,0,0,0,-1.571122683,2.930898773,-0.44990677,-0.569235776,0.210770899,0.228453396,-0.68680219,0.61040671,-0.333387728,-0.199087,-0.333573
42,4,VL,1,Clock,167,55,55,80,65,60,40,25,40,15,1.531501852,2.5519778,0.346429189,-0.449556791,0.942447889,-0.078456607,-0.836510635,0.650520554,-0.050829165,0.299676,-0.467154
42,4,VL,2,Peg,168,60,75,45,65,25,35,0,40,5,0.54444285,2.020320404,0.486249023,-1.83728967,1.20060025,0.475032944,0.207404286,-0.025557527,-0.016170383,0.096968,0.368079
43,1,CL,1,Clock,169,25,25,55,20,40,20,0,30,20,-1.013502048,1.837865232,0.482078291,0.561181861,0.192562015,-0.295422536,-0.085010244,0.032828608,-0.259213901,0.554657,0.408924
43,1,CL,2,Peg,170,60,25,60,15,45,20,30,55,15,0.060459681,1.200461698,0.131312578,0.701372222,0.61824069,-0.888973695,-0.016124929,0.019974819,0.883551104,-0.352547,-0.577091
43,2,PL,1,Clock,171,70,70,60,55,75,25,40,80,65,2.887633482,1.109889784,0.040416889,0.306730932,-0.043895777,-0.072546222,0.718567963,0.190190018,-0.090055281,0.424821,-0.21346
43,2,PL,2,Peg,172,80,80,65,40,65,20,70,70,65,2.998981313,0.667946888,-0.13830563,0.663882348,0.043368828,0.44645995,0.255712942,-0.484192594,0.761974872,-0.139583,-0.116666
43,3,UL,1,Clock,173,60,35,55,35,55,15,10,35,35,0.314875473,1.501077565,0.769316975,0.171149096,-0.460756467,-0.470035242,0.0386786,-0.001263788,0.327976081,-0.603349,-0.165503
43,3,UL,2,Peg,174,30,30,55,35,40,15,15,65,30,-0.032867097,0.772871365,0.41329809,0.584581616,0.514631026,-0.502855926,0.272726821,0.236953434,-0.549555063,0.109677,-0.423831
43,4,VL,1,Clock,175,85,70,60,85,65,20,65,80,85,3.816005863,0.137624448,-0.035448385,-0.331234171,-0.470515592,-0.069979568,-0.006247332,-0.113280353,-0.289944495,0.482524,-0.432852
43,4,VL,2,Peg,176,85,70,55,80,60,20,75,75,80,3.593248922,0.001748525,-0.293491902,-0.344916119,-0.415188503,0.114772637,-0.164029726,-0.200909451,-0.006460984,-0.341663,-0.113097
44,1,CL,1,Clock,177,0,0,5,5,0,0,10,0,0,-3.808569439,0.282599389,0.01130804,0.104051738,-0.43208401,0.320447329,-0.389505598,-0.210059068,0.050590763,0.285736,-0.544924
44,1,CL,2,Peg,178,0,0,0,0,0,0,10,0,0,-3.935448684,0.271910145,-0.116052062,0.14263604,-0.487607297,0.350560334,-0.238646917,-0.243501897,0.147905136,0.636287,0.126418
44,2,PL,1,Clock,179,65,85,85,75,90,55,80,70,70,4.493301814,2.370672229,-1.199298879,0.285068272,0.599765844,0.484018108,-0.648006958,0.468624093,-0.351972547,0.624457,0.293034
44,2,PL,2,Peg,180,60,80,90,50,80,55,55,70,60,3.560461944,2.826578057,-0.871404761,0.638478032,1.015923907,0.168175623,-0.173383372,0.06098886,-0.269763262,0.196143,0.59542
44,3,UL,1,Clock,181,5,10,10,15,15,5,20,5,5,-2.917978551,0.494145666,-0.139645176,0.106056234,-0.454998733,0.486819925,-0.444796282,0.10579095,0.062032947,0.113407,0.668987
44,3,UL,2,Peg,182,10,15,15,5,5,5,10,10,0,-3.097938315,0.587583086,0.101181152,0.10504577,-0.020875005,0.374094751,-0.144935244,-0.295714315,0.216888172,0.354782,0.155698
44,4,VL,1,Clock,183,25,15,40,35,25,25,20,25,25,-1.067977266,1.350653312,-0.35103329,-0.090289362,0.070966704,-0.310386853,-0.661816622,-0.069007923,-0.456904264,0.464735,-0.537109
44,4,VL,2,Peg,184,60,35,65,30,80,40,35,55,30,1.424611744,2.436314991,-0.565008522,0.707906363,0.310322554,-0.764709466,-0.060828913,0.714500149,0.501485303,0.13853,0.32323
45,1,CL,1,Clock,185,85,25,50,50,25,0,15,70,25,0.415238885,-0.325300151,1.252075093,-0.560372686,0.206306008,-1.351597352,0.29347782,-0.24898106,0.597380675,-0.238923,0.016279
45,1,CL,2,Peg,186,80,40,70,30,25,15,35,40,15,0.401630059,0.920840462,0.754114769,-0.090908813,0.70893526,-0.551489496,-0.610284002,-0.732483431,1.200136554,-0.29724,0.199692
45,2,PL,1,Clock,187,75,75,75,75,75,15,70,70,80,3.729052683,0.358779937,0.376838766,0.405244126,-0.481824335,0.349196252,-0.310284155,-0.000316373,-0.0939659,-0.592924,0.655844
45,2,PL,2,Peg,188,80,80,85,75,85,15,80,80,85,4.406578634,0.301759372,0.400398233,0.778123319,-0.389243203,0.312328772,-0.300145733,0.090780793,0.025545496,-0.319827,0.297142
45,3,UL,1,Clock,189,30,20,20,15,15,5,20,50,10,-1.710908098,-0.037545189,0.027426957,0.173478581,0.330086341,-0.232103467,0.451647738,-0.068728668,0.269680814,-0.39682,0.367691
45,3,UL,2,Peg,190,40,40,35,50,25,10,30,45,30,-0.146767933,0.183762994,0.261829464,-0.398096687,0.055535338,0.185556913,-0.125001928,-0.062617675,-0.208076333,0.693224,-0.455243
45,4,VL,1,Clock,191,70,75,85,80,75,10,80,80,65,3.806463556,-0.070743668,0.672366798,0.624588625,0.045448868,0.396322316,-0.57275926,0.408190758,0.000674304,-0.196934,0.67853
45,4,VL,2,Peg,192,85,70,50,75,70,15,70,70,65,3.236735786,0.074025888,0.004148018,-0.266332817,-0.545892765,0.246817653,-0.003652965,0.260860981,0.421919194,-0.257874,0.649202
46,1,CL,1,Clock,193,10,10,10,10,10,5,25,10,10,-2.809737949,0.309085718,-0.295233727,0.189143419,-0.384421428,0.376926827,-0.364411734,-0.1889536,0.166679464,-0.379305,0.729019
46,1,CL,2,Peg,194,0,0,10,10,10,5,10,15,0,-3.305715839,0.427485705,-0.110143667,0.219123462,-0.171155774,0.066397184,-0.213495474,0.168638839,-0.129919054,-0.59343,0.446119
46,2,PL,1,Clock,195,45,30,30,35,35,10,85,55,55,0.651415644,-0.667226231,-1.080974967,0.656041329,-0.431071868,0.152034682,-0.51240046,-0.264461574,0.304050351,-0.74023,-0.251148
46,2,PL,2,Peg,196,35,35,20,40,25,5,45,45,25,-0.575381558,-0.339553433,-0.152045115,-0.147780317,-0.117899233,0.391319562,-0.059850317,0.110504744,0.155274673,0.468453,-0.4663
46,3,UL,1,Clock,197,20,20,20,20,5,5,5,25,5,-2.431882244,0.391494094,0.375354834,-0.245452853,0.155556032,0.104444699,0.050456998,-0.254742277,-0.019513307,0.464398,-0.347276
46,3,UL,2,Peg,198,15,20,15,25,10,5,30,35,20,-1.860074756,-0.169149476,-0.244788542,0.054306797,-0.042825088,0.275858095,-0.075087248,-0.144170563,-0.211492819,-0.141495,0.490465
46,4,VL,1,Clock,199,55,45,35,55,35,15,35,55,55,0.893146897,0.255027791,-0.070074927,-0.413813316,-0.340925655,-0.059811099,0.158429602,-0.30779077,-0.318510557,0.420163,-0.005726
46,4,VL,2,Peg,200,55,40,40,55,40,10,55,55,45,0.95761498,-0.149466923,-0.067740831,-0.077461493,-0.264265893,0.00359441,-0.307040252,0.038933956,0.095460884,0.458357,-0.153
